{"loss":{"0":25.3938026428,"1":13.8430347443,"2":6.9071507454,"3":5.0379004478,"4":4.0124020576,"5":3.3065824509,"6":2.7295651436,"7":2.2513201237,"8":1.8359622955,"9":1.488178134,"10":1.202868104,"11":0.9701377153,"12":0.7888684273,"13":0.6446893811,"14":0.5335347652,"15":0.4437010288,"16":0.3746703565,"17":0.326387316,"18":0.2870605886,"19":0.2479367703,"20":0.2247038484,"21":0.2035251707,"22":0.1817143112,"23":0.1653787941,"24":0.1565371454,"25":0.1409995407,"26":0.1341223866,"27":0.1255253255,"28":0.1113709733,"29":0.1125713512},"accuracy":{"0":0.0,"1":0.0033877213,"2":0.1021570787,"3":0.2585729957,"4":0.375926435,"5":0.4621405005,"6":0.5300055146,"7":0.5881360769,"8":0.641302526,"9":0.6889933348,"10":0.7283738852,"11":0.7666620612,"12":0.7943860888,"13":0.8216261268,"14":0.8438467979,"15":0.8609927893,"16":0.8769358397,"17":0.8893113732,"18":0.896930337,"19":0.9095824361,"20":0.9154590964,"21":0.920948565,"22":0.9285259843,"23":0.9336144924,"24":0.9375276566,"25":0.9431000948,"26":0.9457273483,"27":0.9488108158,"28":0.9532632828,"29":0.9543418288},"val_loss":{"0":23.066526413,"1":9.6496677399,"2":6.4773688316,"3":5.2299814224,"4":4.6261725426,"5":4.4316306114,"6":4.1139416695,"7":4.2433838844,"8":4.3090176582,"9":4.5170874596,"10":4.5308270454,"11":4.5860733986,"12":4.8905763626,"13":5.1860961914,"14":5.1734213829,"15":5.3615932465,"16":5.5775403976,"17":5.7046198845,"18":5.7485289574,"19":5.9651503563,"20":6.0855488777,"21":6.0544953346,"22":6.38449049,"23":6.4448895454,"24":6.42466259,"25":6.4294791222,"26":6.4122385979,"27":6.774875164,"28":6.774532795,"29":6.560739994},"val_accuracy":{"0":0.0,"1":0.0109126987,"2":0.151413694,"3":0.2633928657,"4":0.3525545597,"5":0.4056299627,"6":0.4635416567,"7":0.473090291,"8":0.4874751866,"9":0.4997519851,"10":0.5332341194,"11":0.5364583135,"12":0.5412946343,"13":0.5313740373,"14":0.559027791,"15":0.5564236045,"16":0.5536954403,"17":0.5626240373,"18":0.5654761791,"19":0.5639880896,"20":0.5684523582,"21":0.5768849254,"22":0.5776289701,"23":0.578993082,"24":0.5783730149,"25":0.5791170597,"26":0.587053597,"27":0.5766369104,"28":0.5803571343,"29":0.5845733881}}