{"loss":{"0":2.5542032719,"1":1.2621986866,"2":0.6492147446,"3":0.2540098429,"4":0.0726284608,"5":0.0331398137,"6":0.0134779634,"7":0.0064946143,"8":0.0023581067,"9":0.001903104},"accuracy":{"0":0.3535833359,"1":0.6336666942,"2":0.8006666899,"3":0.9244166613,"4":0.9819999933,"5":0.9935833216,"6":0.9979166389,"7":0.9985833168,"8":0.9997500181,"9":0.9996666908},"val_loss":{"0":5.1909155846,"1":2.3579339981,"2":2.4985463619,"3":2.1617474556,"4":1.5424436331,"5":1.3635787964,"6":1.3137162924,"7":1.3923611641,"8":1.3080123663,"9":1.3148299456},"val_accuracy":{"0":0.0329990685,"1":0.4152285457,"2":0.434818089,"3":0.514575541,"4":0.6187033653,"5":0.6666278243,"6":0.6777052283,"7":0.6682602763,"8":0.6849346757,"9":0.6827192307},"lr":{"0":0.0049999999,"1":0.0049999999,"2":0.0049999999,"3":0.0049999999,"4":0.0049999999,"5":0.0049999999,"6":0.0049999999,"7":0.0049999999,"8":0.0049999999,"9":0.0049999999}}