{"loss":{"0":2.6154234409,"1":1.4961802959,"2":0.9747779369,"3":0.6324108243,"4":0.3740071952,"5":0.2292555571,"6":0.1293011755,"7":0.0699872151,"8":0.0691415593,"9":0.030898951,"10":0.0152614443,"11":0.0115131401,"12":0.0093009518,"13":0.0059962119,"14":0.0029316752},"accuracy":{"0":0.3364166617,"1":0.5718333125,"2":0.7064999938,"3":0.8045833111,"4":0.8866666555,"5":0.9300833344,"6":0.9631666541,"7":0.9834166765,"8":0.9811666608,"9":0.9934999943,"10":0.9971666932,"11":0.9981666803,"12":0.9982500076,"13":0.9990000129,"14":0.9996666908},"val_loss":{"0":5.0565152168,"1":2.3350646496,"2":3.2244069576,"3":1.8111290932,"4":2.0053899288,"5":2.0667073727,"6":1.9591984749,"7":1.6372630596,"8":1.9590761662,"9":1.543815136,"10":1.4918773174,"11":1.4427111149,"12":1.4376870394,"13":1.4266980886,"14":1.4191249609},"val_accuracy":{"0":0.0318330228,"1":0.4088152945,"2":0.2920942307,"3":0.543610096,"4":0.547457993,"5":0.5315998197,"6":0.5586520433,"7":0.6178871393,"8":0.5889692307,"9":0.650303185,"10":0.6631296873,"11":0.6728078127,"12":0.6812033653,"13":0.682369411,"14":0.6886660457},"lr":{"0":0.0049999999,"1":0.0049999999,"2":0.0049999999,"3":0.0049999999,"4":0.0049999999,"5":0.0049999999,"6":0.0049999999,"7":0.0049999999,"8":0.0049999999,"9":0.0049999999,"10":0.0049999999,"11":0.0049999999,"12":0.0049999999,"13":0.0049999999,"14":0.0049999999}}