{"loss":{"0":0.4160224795,"1":0.1114495993,"2":0.0398272276,"3":0.0129358508,"4":0.0058125514,"5":0.0051258542,"6":0.0042953943,"7":0.0013525997,"8":0.0020458915,"9":0.0012530136},"accuracy":{"0":0.8835886717,"1":0.9673037529,"2":0.9886273742,"3":0.9971568584,"4":0.9985784292,"5":0.9992108345,"6":0.9993677139,"7":0.9998420477,"8":0.9996840954,"9":0.9996840954},"val_loss":{"0":1.6330310106,"1":1.2311048508,"2":1.1566309929,"3":1.4235891104,"4":1.4432430267,"5":1.5369021893,"6":1.5663853884,"7":1.6391986609,"8":1.6244333982,"9":1.6696361303},"val_accuracy":{"0":0.1747159064,"1":0.5681818128,"2":0.796875,"3":0.8238636255,"4":0.8153409362,"5":0.8196022511,"6":0.8210227489,"7":0.8238636255,"8":0.8125,"9":0.8196022511}}