{"loss":{"0":2.2696843147,"1":0.6678524613,"2":0.1854488999,"3":0.0612651967,"4":0.049295228,"5":0.0193650201,"6":0.0134118553,"7":0.0103963623,"8":0.0092444196,"9":0.0077773109},"accuracy":{"0":0.4320000112,"1":0.8241666555,"2":0.9702500105,"3":0.9961666465,"4":0.9975833297,"5":0.9994166493,"6":0.9995833039,"7":0.9996666908,"8":0.9994166493,"9":0.9997500181},"val_loss":{"0":3.3029766083,"1":1.2502919436,"2":1.0906540155,"3":1.0127096176,"4":1.0141086578,"5":0.9800178409,"6":0.9861130118,"7":0.9878360033,"8":1.0017197132,"9":1.0031622648},"val_accuracy":{"0":0.217933774,"1":0.634678185,"2":0.688316226,"3":0.71875,"4":0.7237640023,"5":0.7340251803,"6":0.734141767,"7":0.7353078127,"8":0.7357742786,"9":0.737639904}}